Workbook

Sheet grid-power
B1: [Grid]
B2: <Inputs> | G2: <Outputs>
C3: grid_amount_kwh | D3: grid_electricity_price_ero_mwh | E3: co2_t_per_mwh | G3: power_cost_euro | H3: power_co2_t
C4: a | D4: b | E4: c | G4: a*b | H4: a*c
B5: Time Resolution | C5: Grid Amount | D5: Grid Price | E5: Emission Factor | G5: Power Cost | H5: Power CO2
C6: MWh | D6: Euro/MWh | E6: t-CO2/MWh | G6: Euro | H6: t-CO2
B7: Spring-00 | C7: 11250 | D7: 89 | E7: 0.39 | G7: =+D7*C7 -> 1001250 | H7: =+E7*C7 -> 4387.5
B8: Spring-04 | C8: 11250 | D8: 89 | E8: 0.395 | G8: =+D8*C8 -> 1001250 | H8: =+E8*C8 -> 4443.75
B9: Spring-08 | C9: 11250 | D9: 89 | E9: 0.3 | G9: =+D9*C9 -> 1001250 | H9: =+E9*C9 -> 3375
B10: Spring-12 | C10: 11250 | D10: 89 | E10: 0.205 | G10: =+D10*C10 -> 1001250 | H10: =+E10*C10 -> 2306.25
B11: Spring-16 | C11: 11250 | D11: 89 | E11: 0.32 | G11: =+D11*C11 -> 1001250 | H11: =+E11*C11 -> 3600
B12: Spring-20 | C12: 11250 | D12: 89 | E12: 0.38 | G12: =+D12*C12 -> 1001250 | H12: =+E12*C12 -> 4275
B13: Summer-00 | C13: 11250 | D13: 89 | E13: 0.3 | G13: =+D13*C13 -> 1001250 | H13: =+E13*C13 -> 3375
B14: Summer-04 | C14: 11250 | D14: 89 | E14: 0.29 | G14: =+D14*C14 -> 1001250 | H14: =+E14*C14 -> 3262.5
B15: Summer-08 | C15: 11250 | D15: 89 | E15: 0.22 | G15: =+D15*C15 -> 1001250 | H15: =+E15*C15 -> 2475
B16: Summer-12 | C16: 11250 | D16: 89 | E16: 0.16 | G16: =+D16*C16 -> 1001250 | H16: =+E16*C16 -> 1800
B17: Summer-16 | C17: 11250 | D17: 89 | E17: 0.25 | G17: =+D17*C17 -> 1001250 | H17: =+E17*C17 -> 2812.5
B18: Summer-20 | C18: 11250 | D18: 89 | E18: 0.376 | G18: =+D18*C18 -> 1001250 | H18: =+E18*C18 -> 4230
... B30: Winter-20 | C30: 11250 | D30: 89 | E30: 0.39 | G30: =+D30*C30 -> 1001250 | H30: =+E30*C30 -> 4387.5
B32: Total | C32: =SUM(C7:C30) -> 270000 | G32: =SUM(G7:G30) -> 24030000 | H32: =SUM(H7:H30) -> 87423.75
B35: Year_2025 | C35: 270000 | D35: 89 | E35: 0.335 | G35: =+D35*C35 -> 24030000 | H35: =+E35*C35 -> 90450
C36: =24*365 -> 8760
B37: Ref | C37: =+C35/C36 -> 30.821918 | D37: MW

Sheet onsite-power
B1: [Off-site] | C1: 100
B2: <Inputs> | F2: a*b=ac | J2: <Outputs>
B3: Power_Name | C3: installed_capacity_mw | D3: capacity_factor | E3: hours_hr | F3: loce_euro_mwh | G3: additionl cost_ero_mwh | H3: co2_t_per_mwh | J3: generation_mwh | K3: power_cost_euro | L3: power_co2_t
C4: a | D4: b | E4: c | F4: d | G4: e | H4: f | J4: g=(a*b*c) | K4: f*(d+e) | L4: g*
B5: Power source | C5: Installed capacity | D5: Capacity Factor | E5: Hours | F5: LOCE | G5: Additionl Cost | H5: Emission Factor | J5: Power Generation | K5: Power Cost | L5: Power CO2
A6: 100 | B6: Unit | C6: MW | D6: % | E6: Hour | F6: Euro/MWh | G6: Euro/MWh | H6: t-CO2/MWh | J6: kWh | K6: Euro | L6: t-CO2
A7: 35 | B7: Wind | C7: 100 | D7: 0.35 | E7: =24*365 -> 8760 | F7: 80 | G7: 0 | H7: 0 | I7: =C7*D7 -> 35 | J7: =+C7*D7*E7 -> 306600 | K7: =+J7*(F7+G7) -> 24528000 | L7: =+H7*J7 -> 0
A8: 65 | B8: Gas turebine | C8: 100 | D8: 1 | E8: =24*365 -> 8760 | F8: 100 | G8: 0 | H8: 0.35 | I8: 0 | J8: =+C8*D8*E8 -> 876000 | K8: =+J8*(F8+G8) -> 87600000 | L8: =+H8*J8 -> 306600
B9: Coal | C9: 10 | D9: 1 | E9: =24*365 -> 8760 | F9: 70 | G9: 0 | H9: 0.85 | I9: =C9*D9 -> 10 | J9: =+C9*D9*E9 -> 87600 | K9: =+J9*(F9+G9) -> 6132000 | L9: =+H9*J9 -> 74460
B10: Nuclear | C10: 0 | D10: 1 | E10: =24*365 -> 8760 | F10: 150 | G10: 0 | H10: 0 | I10: =C10*D10 -> 0 | J10: =+C10*D10*E10 -> 0 | K10: =+J10*(F10+G10) -> 0 | L10: =+H10*J10 -> 0
B11: Biomass | C11: 10 | D11: 1 | E11: =24*365 -> 8760 | F11: 200 | G11: 0 | H11: 0.1 | I11: =C11*D11 -> 10 | J11: =+C11*D11*E11 -> 87600 | K11: =+J11*(F11+G11) -> 17520000 | L11: =+H11*J11 -> 8760
B12: BioCH4-Gas Turebine | C12: 10 | D12: 1 | E12: =24*365 -> 8760 | F12: 350 | G12: 0 | H12: 0 | I12: =C12*D12 -> 10 | J12: =+C12*D12*E12 -> 87600 | K12: =+J12*(F12+G12) -> 30660000 | L12: =+H12*J12 -> 0
J13: =+C13*D13*E13 -> 0 | K13: =+J13*(F13+G13) -> 0 | L13: =+H13*J13 -> 0
J14: =+C14*D14*E14 -> 0 | K14: =+J14*(F14+G14) -> 0 | L14: =+H14*J14 -> 0
J15: =+C15*D15*E15 -> 0 | K15: =+J15*(F15+G15) -> 0 | L15: =+H15*J15 -> 0
D16: 70 | E16: 30
B17: Total | C17: =SUM(C7:C15) -> 230 | J17: =SUM(J7:J15) -> 1445400 | K17: =SUM(K7:K15) -> 166440000 | L17: =SUM(L7:L15) -> 389820
C18: constraints =100M | K18: =+K17/J17 -> 115.15152 | L18: =+L17/J17 -> 0.26969697
J19: =24*365 -> 8760
J20: =+J17/J19 -> 165
F21: 100 | H21: 30
E22: wind | F22: 30 | G22: 60
E23: coal | F23: 40 | G23: 80
E24: gas | F24: 40 | G24: 100
E25: grid | G25: 90

Sheet Sytem-cost
G4: Ref
C5: Power Amount | D5: Power Cost | E5: CO2
C6: MWh | D6: Euro | E6: t-CO2 | G6: Euro/MWh | H6: t-CO2/MWh | J6: CO2 Cost | K6: Euro/MWh (w CO2)
B7: Onsit Power | C7: =+'onsite-power'!J17 -> 1445400 | D7: =+'onsite-power'!K17 -> 166440000 | E7: =+'onsite-power'!L17 -> 389820 | G7: =+D7/C7 -> 115.15152 | H7: =+E7/C7 -> 0.26969697 | J7: =+H7*B17 -> 53.939394 | K7: =+J7+G7 -> 169.09091
B8: Grid Power | C8: =+'grid-power'!C32 -> 270000 | D8: =+'grid-power'!G32 -> 24030000 | E8: =+'grid-power'!H32 -> 87423.75 | G8: =+D8/C8 -> 89 | H8: =+E8/C8 -> 0.32379167 | J8: =+H8*B17 -> 64.758333 | K8: =+J8+G8 -> 153.75833
B10: Total | C10: =SUM(C7:C8) -> 1715400 | D10: =SUM(D7:D8) -> 190470000 | E10: =SUM(E7:E8) -> 477243.75
C12: =24*365 -> 8760
C13: =+C10/C12 -> 195.82192 | D13: =100 -> 100
B14: carbon_price_eueo_co2_t
B15: Carbon Price
B16: Euro/t-CO2
B17: 200 | E17: CO2 offset cost
E18: Euro
E19: =+B17*E10 -> 95448750
D21: System Total Cost | E21: =+E19+D10 -> 285918750
E22: Objective: Minimization

Sheet option-offsite-power
B1: [Off-site]
B2: <Inputs> | I2: <Outputs>
B3: Power_Name | C3: installed_capacity_mw | D3: capacity_factor | E3: hours_hr | F3: loce_euro_mwh | G3: co2_t_per_mwh | I3: generation_mwh | J3: power_cost_euro | K3: power_co2_t
C4: a | D4: b | E4: c | F4: d | G4: e | I4: f=(a*b*c) | J4: f*d | K4: f*e
B5: Power source | C5: Installed capacity | D5: Capacity Factor | E5: Hours | F5: LOCE | G5: Emission Factor | I5: Power Generation | J5: Power Cost | K5: Power CO2
B6: Unit | C6: MW | D6: % | E6: Hour | F6: Euro/MWh | G6: t-CO2/MWh | I6: kWh | J6: Euro | K6: t-CO2
B7: Coal Power | C7: 100 | D7: 90 | E7: 1 | F7: 100 | G7: 0.5 | I7: =+C7*D7*E7 -> 9000 | J7: =+I7*G7 -> 4500
B8: Nuclera
B9: NG Power (w/wo Bio-CH4)
B10: Utility Scale PV
B11: Wind Offshore
B12: Biomass power (BTG)

Sheet option-Fuel
C6: Amount | D6: Cost (Ex-Works) | E6: Transportation (from Production site to power plant site) | F6: Unit Transportation Cost
B7: Unit | C7: GJ | D7: Euro/GJ | E7: km | F7: Euro/(km*GJ)
B8: Bio-CH4 Plant-1 | E8: 50
B9: Bio-CH4 Plant-2 | E9: 100
B10: Bio-CH4 Plant-3 | E10: 200

Sheet option-Wheeling
B2: Time Resolution | C2: Wheeling Charge | D2: Curtailment rate | E2: Emission Factor (Carbon Density)
C3: Euro/MWh | D3: % | E3: t-CO₂eq/MWh
B4: Annual | D4: 1 | E4: 0.3354 | G4: =C4*D4*E4 -> 0

Sheet WHR
C5: Waste Heat Recovery (WHR) Rate | D5: WHU Selling Price | E5: CO₂ emissions avoided through waste heat utilization
B6: Unit | C6: % | D6: Euro/GJ | E6: t-CO2/GJ
